count(id),articleType
39676,Local
28121,The Fix
24816,Early Lead
20066,Post Politics
18795,Opinion
17505,Opinions
17455,Wonkblog
13654,Letters to the Editor
13285,Morning Mix
12815,Sports
12238,WorldViews
12009,Politics
11524,Style
10636,D.C. Sports Bog
9500,Capital Weather Gang
9480,AllMetSports
9351,Arts and Entertainment
8872,Business
7614,Washington Nationals
7476,Express
7354,Post Nation
7137,Going Out Guide
6974,The Insider
6841,The Switch
6838,Analysis
6364,Right Turn
6291,Gridlock
6177,PowerPost
5883,Capital Business
5689,The Plum Line
5668,Public Safety
5639,Health & Science
5562,Education
5332,PostEverything
5305,Reliable Source
4978,Monkey Cage
4525,National Security
4420,Obituaries
4281,Answer Sheet
4255,The Post's View
4249,Washington Capitals
4137,Food
3949,World
3861,Maryland Politics
3814,The Volokh Conspiracy
3775,Erik Wemple
3547,Colleges
3530,Fancy Stats
3405,Books
3366,Virginia Politics
3361,Soccer Insider
3318,Maryland Terrapins
3212,Perspective
3194,PostPartisan
3194,Music
3070,Speaking of Science
2977,Federal Insider
2936,Where We Live
2930,Middle East
2896,Transportation
2825,Washington Wizards
2791,To Your Health
2780,Checkpoint
2763,National
2609,Asia & Pacific
2549,Travel
2485,D.C. Politics
2475,KidsPost
2437,Nationals/MLB
2378,Magazine
2347,GovBeat
2323,Energy and Environment
2266,Europe
2231,Theater & Dance
2230,Technology
2186,Grade Point
2108,Redskins/NFL
2052,On Leadership
2034,TV
2005,On Parenting
1934,Innovations
1931,ComPost
1903,Comic Riffs
1902,True Crime
1872,Fact Checker
1826,Acts of Faith
1710,
1709,Home & Garden
1691,The Intersect
1676,Inspired Life
1671,On Small Business
1633,Movies
1632,WashPost PR Blog
1500,Wizards/NBA
1455,Real Estate
1376,She The People
1267,Olympics
1266,District of DeBonis
1251,In the Loop
1247,Get There
1189,Museums
1187,Act Four
1166,Capitals/NHL
1085,The Posts View
994,Post Local
934,Entertainment
928,Solo-ish
875,London 2012 Olympics
871,The Watch
783,Test
756,Animalia
751,Wellness
741,Review
735,Dr. Gridlock
679,The Americas
676,In Sight
574,The Fed Page
570,Tablet
510,blog
505,Digger
478,Washington Post Live
471,Social Issues
465,D.C. United/Soccer
463,Lifestyle
458,All Opinions Are Local
456,Community Relations
445,Global Opinions
409,Africa
408,Storyline
404,Courts & Law
381,On I.T.
371,Achenblog
353,Cars
327,Book Party
255,Think Tanked
247,Discussions
206,A House Divided
205,Post Live
195,Tripping
188,Investigations
173,Keystone Highway
170,Ask The Post
169,Josh Rogin
150,Rampage
150,Retropolis
127,2chambers
126,In Theory
107,Weddings
85,Drawing The World Together
82,Maryland
65,Advice
63,Brand Studio
61,Fiscal Cliff
47,Virginia
43,Restaurants
36,Blogs & Columns
31,Jobs
26,D.C.
21,America Answers
16,Immigration
16,Events
14,none
13,Celebrities
12,Energy & Environment
10,On Giving
10,White House
9,Health Science
8,On Faith Local
8,Bars & Clubs
8,Comics
7,Holiday Guide 2012
5,World Politics
5,Investigative
2,El Tiempo Latino
2,Markets
2,World Business
1,Md. Politics
1,Fall TV Preview
1,PR
1,Post Politics Live
1,Array
1,Page
1,Deportes
1,Book Club
1,Brand Connect
1,Outlook
1,Puzzles & Games
1,DemocracyPost
1,Your Photos
